{
    "name": "BeJson",
    "url": "http://www.bejson.com",
    "page": 88,
    "isNonProfit": true,
    "address": {
        "street": "科技园路.",
        "city": "江苏苏州",
        "country": "中国"
    },
    "links": [
        {
            "name": "告警源名称",
            "text": "大庆油田",
            "type": 1
        },
        {
            "name": "告警源名称",
            "text": "安徽油田",
            "type": 1
        },
        {
            "name": "告警类型",
            "text": "轻度",
            "type": 2
        },
        {
            "name": "告警源名称",
            "text": "黑龙江油田",
            "type": 1
        },
        {
            "name": "告警类型",
            "text": "重度",
            "type": 2
        },
        {
        	"name": "告警类型",
            "text": "中度",
            "type": 2
        }
        ,
        {
        	"name": "告警类型",
            "text": "中度",
            "type": 2
        }
        ,
        {
            "name": "告警源名称",
            "text": "西班牙油田",
            "type": 1
        },
        {
        	"name": "告警类型",
            "text": "轻度",
            "type": 2
        }
        ,
        {
            "name": "告警源名称",
            "text": "中国油田",
            "type": 1
        }
        ,
        {
            "name": "告警源名称",
            "text": "美国",
            "type": 1
        }
    ]
,"item": [
        {
            "name": "类别",
            "text": "大庆油田",
            "type": 1
        },
        {
            "name": "标题",
            "text": "安徽油田",
            "type": 1
        },
        {
            "name": "类别",
            "text": "轻度",
            "type": 2
        },
        {
            "name": "类别",
            "text": "黑龙江油田",
            "type": 1
        },
        {
            "name": "标题",
            "text": "重度",
            "type": 2
        },
        {
        	"name": "标题",
            "text": "中度",
            "type": 2
        }
        ,
        {
        	"name": "标题",
            "text": "中度",
            "type": 2
        }
        ,
        {
            "name": "类别",
            "text": "西班牙油田",
            "type": 1
        },
        {
        	"name": "类别",
            "text": "轻度",
            "type": 2
        }
        ,
        {
            "name": "类别",
            "text": "中国油田",
            "type": 1
        }
        ,
        {
            "name": "类别",
            "text": "美国",
            "type": 1
        }
    ],
    "sty": [
        {
            "name": "单位",
            "text": "大庆油田",
            "ren":"东方不败",
            "type": 1
        },
        {
            "name": "标题",
            "text": "安徽油田",
            "ren":"王五",
            "type": 1
        },
        {
            "name": "类别",
            "text": "轻度",
            "ren":"李四",
            "type": 2
        },
        {
            "name": "类别",
            "text": "黑龙江油田",
            "ren":"任我行",
            "type": 1
        },
        {
            "name": "标题",
            "text": "重度",
            "ren":"西门吹雪",
            "type": 2
        },
        {
        	"name": "标题",
            "text": "中度",
            "ren":"小明",
            "type": 2
        }
        ,
        {
        	"name": "标题",
            "text": "中度",
            "ren":"小李",
            "type": 2
        }
        ,
        {
            "name": "类别",
            "text": "西班牙油田",
            "ren":"叶孤城",
            "type": 1
        }
    ]


}